"SUBIC BAY, ZAMBALES    TZ: UT(GMT) only    Units: METRES    Datum: Chart Datum",,
01/01/2023,0:01,0.32
01/01/2023,4:21,0.38
01/01/2023,10:37,0.18
01/01/2023,18:06,0.67
01/02/2023,2:27,0.16
01/02/2023,7:08,0.22
01/02/2023,9:56,0.21
01/02/2023,18:36,0.79
01/03/2023,3:33,0.01
01/03/2023,19:10,0.89
01/04/2023,4:18,-0.11
01/04/2023,19:45,0.97
01/05/2023,4:54,-0.2
01/05/2023,20:22,1.03
01/06/2023,5:27,-0.24
01/06/2023,20:59,1.06
01/07/2023,5:57,-0.26
01/07/2023,21:36,1.07
01/08/2023,6:29,-0.26
01/08/2023,22:14,1.06
01/09/2023,7:00,-0.24
01/09/2023,22:51,1.03
01/10/2023,7:33,-0.2
01/10/2023,23:27,0.97
01/11/2023,8:03,-0.16
01/12/2023,0:02,0.89
01/12/2023,8:30,-0.11
01/13/2023,0:36,0.79
01/13/2023,8:52,-0.05
01/13/2023,16:17,0.31
01/13/2023,17:47,0.3
01/14/2023,1:12,0.66
01/14/2023,9:07,0.02
01/14/2023,16:16,0.39
01/14/2023,19:55,0.33
01/15/2023,1:53,0.51
01/15/2023,9:14,0.08
01/15/2023,16:30,0.5
01/15/2023,22:48,0.29
01/16/2023,2:54,0.35
01/16/2023,9:14,0.13
01/16/2023,16:55,0.63
01/17/2023,1:27,0.15
01/17/2023,5:10,0.19
01/17/2023,8:48,0.16
01/17/2023,17:30,0.78
01/18/2023,2:42,-0.02
01/18/2023,18:13,0.93
01/19/2023,3:33,-0.19
01/19/2023,19:03,1.07
01/20/2023,4:20,-0.32
01/20/2023,19:55,1.19
01/21/2023,5:06,-0.4
01/21/2023,20:50,1.28
01/22/2023,5:53,-0.43
01/22/2023,21:44,1.31
01/23/2023,6:38,-0.39
01/23/2023,22:37,1.27
01/24/2023,7:20,-0.31
01/24/2023,23:28,1.18
01/25/2023,7:56,-0.2
01/25/2023,14:49,0.2
01/25/2023,16:04,0.2
01/26/2023,0:18,1.02
01/26/2023,8:24,-0.07
01/26/2023,14:34,0.29
01/26/2023,17:50,0.23
01/27/2023,1:06,0.82
01/27/2023,8:41,0.05
01/27/2023,14:53,0.41
01/27/2023,19:30,0.26
01/28/2023,1:54,0.6
01/28/2023,8:48,0.15
01/28/2023,15:25,0.54
01/28/2023,21:36,0.26
01/29/2023,2:45,0.39
01/29/2023,8:37,0.2
01/29/2023,16:06,0.65
01/30/2023,0:49,0.17
01/30/2023,4:17,0.2
01/30/2023,7:09,0.19
01/30/2023,16:51,0.76
01/31/2023,2:45,0.03
01/31/2023,17:39,0.84
02/01/2023,3:35,-0.09
02/01/2023,18:28,0.9
02/02/2023,4:11,-0.17
02/02/2023,19:17,0.95
02/03/2023,4:42,-0.21
02/03/2023,20:04,0.98
02/04/2023,5:09,-0.23
02/04/2023,20:49,1.01
02/05/2023,5:36,-0.22
02/05/2023,21:32,1.01
02/06/2023,6:03,-0.2
02/06/2023,22:12,1
02/07/2023,6:29,-0.16
02/07/2023,22:50,0.95
02/08/2023,6:52,-0.1
02/08/2023,13:03,0.23
02/08/2023,15:41,0.2
02/08/2023,23:26,0.89
02/09/2023,7:12,-0.04
02/09/2023,13:10,0.29
02/09/2023,16:48,0.2
02/10/2023,0:00,0.79
02/10/2023,7:26,0.02
02/10/2023,13:25,0.36
02/10/2023,17:54,0.21
02/11/2023,0:36,0.67
02/11/2023,7:34,0.08
02/11/2023,13:46,0.45
02/11/2023,19:08,0.22
02/12/2023,1:15,0.53
02/12/2023,7:39,0.13
02/12/2023,14:14,0.55
02/12/2023,20:40,0.2
02/13/2023,2:04,0.38
02/13/2023,7:36,0.17
02/13/2023,14:49,0.66
02/13/2023,22:55,0.14
02/14/2023,3:24,0.22
02/14/2023,6:59,0.18
02/14/2023,15:33,0.78
02/15/2023,1:14,0.01
02/15/2023,16:28,0.89
02/16/2023,2:26,-0.13
02/16/2023,17:32,1
02/17/2023,3:19,-0.25
02/17/2023,18:40,1.1
02/18/2023,4:06,-0.33
02/18/2023,19:47,1.18
02/19/2023,4:50,-0.35
02/19/2023,20:49,1.22
02/20/2023,5:30,-0.31
02/20/2023,21:46,1.21
02/21/2023,6:05,-0.22
02/21/2023,12:29,0.22
02/21/2023,14:49,0.19
02/21/2023,22:40,1.13
02/22/2023,6:33,-0.1
02/22/2023,12:18,0.29
02/22/2023,16:15,0.16
02/22/2023,23:31,0.99
02/23/2023,6:54,0.03
02/23/2023,12:30,0.4
02/23/2023,17:29,0.14
02/24/2023,0:21,0.81
02/24/2023,7:07,0.14
02/24/2023,12:54,0.53
02/24/2023,18:44,0.14
02/25/2023,1:09,0.61
02/25/2023,7:12,0.22
02/25/2023,13:26,0.64
02/25/2023,20:07,0.14
02/26/2023,2:00,0.41
02/26/2023,7:00,0.26
02/26/2023,14:03,0.74
02/26/2023,22:00,0.12
02/27/2023,3:16,0.24
02/27/2023,5:35,0.23
02/27/2023,14:46,0.8
02/28/2023,0:30,0.05
02/28/2023,15:36,0.84
03/01/2023,2:03,-0.03
03/01/2023,16:34,0.86
03/02/2023,2:56,-0.1
03/02/2023,17:41,0.88
03/03/2023,3:33,-0.14
03/03/2023,18:48,0.89
03/04/2023,4:03,-0.15
03/04/2023,19:46,0.91
03/05/2023,4:31,-0.15
03/05/2023,20:38,0.92
03/06/2023,4:57,-0.12
03/06/2023,21:24,0.92
03/07/2023,5:20,-0.07
03/07/2023,11:30,0.28
03/07/2023,14:36,0.23
03/07/2023,22:07,0.89
03/08/2023,5:39,-0.01
03/08/2023,11:27,0.33
03/08/2023,15:42,0.19
03/08/2023,22:46,0.83
03/09/2023,5:54,0.06
03/09/2023,11:34,0.41
03/09/2023,16:39,0.16
03/09/2023,23:25,0.75
03/10/2023,6:03,0.13
03/10/2023,11:48,0.5
03/10/2023,17:35,0.13
03/11/2023,0:04,0.64
03/11/2023,6:09,0.18
03/11/2023,12:08,0.6
03/11/2023,18:33,0.1
03/12/2023,0:47,0.52
03/12/2023,6:12,0.23
03/12/2023,12:34,0.7
03/12/2023,19:39,0.08
03/13/2023,1:39,0.38
03/13/2023,6:06,0.25
03/13/2023,13:07,0.79
03/13/2023,21:04,0.05
03/14/2023,3:04,0.25
03/14/2023,5:00,0.24
03/14/2023,13:48,0.88
03/14/2023,23:09,-0.01
03/15/2023,14:39,0.94
03/16/2023,0:50,-0.11
03/16/2023,15:43,0.99
03/17/2023,1:57,-0.19
03/17/2023,17:03,1.03
03/18/2023,2:51,-0.24
03/18/2023,18:27,1.07
03/19/2023,3:36,-0.24
03/19/2023,19:42,1.08
03/20/2023,4:13,-0.19
03/20/2023,11:58,0.3
03/20/2023,12:22,0.3
03/20/2023,20:47,1.07
03/21/2023,4:45,-0.1
03/21/2023,10:48,0.34
03/21/2023,14:35,0.23
03/21/2023,21:46,1
03/22/2023,5:09,0.02
03/22/2023,10:48,0.44
03/22/2023,15:50,0.15
03/22/2023,22:42,0.89
03/23/2023,5:25,0.14
03/23/2023,11:03,0.57
03/23/2023,16:57,0.08
03/23/2023,23:36,0.74
03/24/2023,5:36,0.24
03/24/2023,11:27,0.7
03/24/2023,18:03,0.04
03/25/2023,0:30,0.57
03/25/2023,5:39,0.31
03/25/2023,11:56,0.81
03/25/2023,19:11,0.02
03/26/2023,1:32,0.41
03/26/2023,5:24,0.33
03/26/2023,12:28,0.88
03/26/2023,20:27,0.01
03/27/2023,13:03,0.92
03/27/2023,22:03,0
03/28/2023,13:42,0.93
03/28/2023,23:41,-0.03
03/29/2023,14:28,0.91
03/30/2023,0:54,-0.06
03/30/2023,15:26,0.88
03/31/2023,1:48,-0.08
03/31/2023,16:42,0.84
04/01/2023,2:30,-0.09
04/01/2023,18:07,0.82
04/02/2023,3:04,-0.07
04/02/2023,19:18,0.81
04/03/2023,3:33,-0.04
04/03/2023,11:33,0.36
04/03/2023,12:36,0.36
04/03/2023,20:17,0.79
04/04/2023,3:57,0.02
04/04/2023,10:17,0.39
04/04/2023,14:21,0.29
04/04/2023,21:09,0.76
04/05/2023,4:15,0.08
04/05/2023,10:11,0.46
04/05/2023,15:23,0.21
04/05/2023,21:57,0.71
04/06/2023,4:27,0.16
04/06/2023,10:17,0.55
04/06/2023,16:16,0.13
04/06/2023,22:43,0.64
04/07/2023,4:33,0.23
04/07/2023,10:30,0.66
04/07/2023,17:09,0.06
04/07/2023,23:30,0.55
04/08/2023,4:36,0.28
04/08/2023,10:50,0.77
04/08/2023,18:01,0
04/09/2023,0:22,0.45
04/09/2023,4:37,0.31
04/09/2023,11:16,0.88
04/09/2023,18:58,-0.05
04/10/2023,1:30,0.35
04/10/2023,4:20,0.32
04/10/2023,11:48,0.97
04/10/2023,20:05,-0.08
04/11/2023,12:26,1.03
04/11/2023,21:31,-0.11
04/12/2023,13:11,1.06
04/12/2023,23:07,-0.14
04/13/2023,14:06,1.06
04/14/2023,0:23,-0.18
04/14/2023,15:15,1.03
04/15/2023,1:22,-0.19
04/15/2023,16:43,0.99
04/16/2023,2:09,-0.16
04/16/2023,18:15,0.95
04/17/2023,2:46,-0.09
04/17/2023,10:16,0.4
04/17/2023,12:13,0.39
04/17/2023,19:33,0.89
04/18/2023,3:15,0.01
04/18/2023,9:30,0.46
04/18/2023,14:04,0.28
04/18/2023,20:43,0.82
04/19/2023,3:36,0.13
04/19/2023,9:31,0.58
04/19/2023,15:18,0.16
04/19/2023,21:48,0.71
04/20/2023,3:50,0.24
04/20/2023,9:48,0.72
04/20/2023,16:25,0.06
04/20/2023,22:52,0.59
04/21/2023,3:58,0.32
04/21/2023,10:12,0.85
04/21/2023,17:27,-0.02
04/22/2023,0:01,0.47
04/22/2023,3:57,0.37
04/22/2023,10:40,0.96
04/22/2023,18:27,-0.08
04/23/2023,1:52,0.36
04/23/2023,3:00,0.36
04/23/2023,11:11,1.02
04/23/2023,19:28,-0.1
04/24/2023,11:43,1.05
04/24/2023,20:33,-0.1
04/25/2023,12:18,1.04
04/25/2023,21:42,-0.1
04/26/2023,12:55,1.01
04/26/2023,22:50,-0.09
04/27/2023,13:39,0.95
04/27/2023,23:48,-0.08
04/28/2023,14:30,0.88
04/29/2023,0:37,-0.07
04/29/2023,15:38,0.8
04/30/2023,1:18,-0.04
04/30/2023,17:08,0.73
05/01/2023,1:51,0
05/01/2023,18:34,0.67
05/02/2023,2:18,0.07
05/02/2023,9:09,0.47
05/02/2023,13:45,0.35
05/02/2023,19:46,0.62
05/03/2023,2:35,0.14
05/03/2023,9:00,0.55
05/03/2023,14:51,0.24
05/03/2023,20:51,0.56
05/04/2023,2:45,0.21
05/04/2023,9:04,0.66
05/04/2023,15:47,0.13
05/04/2023,21:53,0.5
05/05/2023,2:48,0.28
05/05/2023,9:17,0.78
05/05/2023,16:38,0.02
05/05/2023,22:56,0.43
05/06/2023,2:48,0.32
05/06/2023,9:39,0.91
05/06/2023,17:28,-0.08
05/07/2023,0:11,0.36
05/07/2023,2:39,0.34
05/07/2023,10:07,1.03
05/07/2023,18:21,-0.15
05/08/2023,10:41,1.12
05/08/2023,19:19,-0.2
05/09/2023,11:20,1.18
05/09/2023,20:27,-0.22
05/10/2023,12:04,1.19
05/10/2023,21:42,-0.22
05/11/2023,12:54,1.16
05/11/2023,22:51,-0.21
05/12/2023,13:52,1.09
05/12/2023,23:50,-0.17
05/13/2023,15:01,0.99
05/14/2023,0:36,-0.11
05/14/2023,16:27,0.87
05/15/2023,1:12,-0.02
05/15/2023,8:59,0.46
05/15/2023,11:12,0.45
05/15/2023,17:59,0.75
05/16/2023,1:37,0.09
05/16/2023,8:12,0.55
05/16/2023,13:24,0.33
05/16/2023,19:24,0.63
05/17/2023,1:54,0.2
05/17/2023,8:17,0.68
05/17/2023,14:48,0.19
05/17/2023,20:48,0.52
05/18/2023,2:03,0.28
05/18/2023,8:36,0.82
05/18/2023,15:57,0.06
05/18/2023,22:18,0.43
05/19/2023,2:05,0.34
05/19/2023,9:03,0.95
05/19/2023,16:57,-0.05
05/20/2023,0:33,0.36
05/20/2023,1:18,0.36
05/20/2023,9:33,1.05
05/20/2023,17:51,-0.13
05/21/2023,10:04,1.11
05/21/2023,18:42,-0.17
05/22/2023,10:37,1.14
05/22/2023,19:32,-0.17
05/23/2023,11:11,1.13
05/23/2023,20:21,-0.16
05/24/2023,11:47,1.09
05/24/2023,21:12,-0.14
05/25/2023,12:25,1.03
05/25/2023,22:01,-0.11
05/26/2023,13:06,0.95
05/26/2023,22:48,-0.08
05/27/2023,13:52,0.86
05/27/2023,23:28,-0.03
05/28/2023,14:45,0.75
05/29/2023,0:02,0.02
05/29/2023,15:57,0.64
05/30/2023,0:27,0.08
05/30/2023,7:54,0.5
05/30/2023,12:35,0.42
05/30/2023,17:36,0.52
05/31/2023,0:42,0.16
05/31/2023,7:41,0.59
05/31/2023,14:07,0.29
05/31/2023,19:13,0.43
06/01/2023,0:47,0.23
06/01/2023,7:45,0.71
06/01/2023,15:11,0.15
06/01/2023,20:50,0.36
06/02/2023,0:44,0.28
06/02/2023,8:02,0.85
06/02/2023,16:03,0.01
06/02/2023,22:38,0.32
06/03/2023,0:27,0.31
06/03/2023,8:27,0.99
06/03/2023,16:51,-0.12
06/04/2023,9:00,1.12
06/04/2023,17:41,-0.21
06/05/2023,9:38,1.23
06/05/2023,18:33,-0.27
06/06/2023,10:21,1.29
06/06/2023,19:30,-0.3
06/07/2023,11:08,1.3
06/07/2023,20:30,-0.28
06/08/2023,11:57,1.26
06/08/2023,21:28,-0.24
06/09/2023,12:51,1.17
06/09/2023,22:20,-0.17
06/10/2023,13:48,1.04
06/10/2023,23:03,-0.07
06/11/2023,14:52,0.87
06/11/2023,23:33,0.04
06/12/2023,7:05,0.47
06/12/2023,9:31,0.45
06/12/2023,16:11,0.69
06/12/2023,23:53,0.15
06/13/2023,6:44,0.59
06/13/2023,12:28,0.36
06/13/2023,17:46,0.52
06/14/2023,0:03,0.24
06/14/2023,6:57,0.73
06/14/2023,14:18,0.22
06/14/2023,19:42,0.38
06/15/2023,0:00,0.3
06/15/2023,7:23,0.87
06/15/2023,15:34,0.07
06/16/2023,7:54,0.99
06/16/2023,16:31,-0.05
06/17/2023,8:27,1.08
06/17/2023,17:18,-0.14
06/18/2023,9:03,1.14
06/18/2023,18:00,-0.18
06/19/2023,9:39,1.17
06/19/2023,18:40,-0.19
06/20/2023,10:15,1.17
06/20/2023,19:18,-0.18
06/21/2023,10:53,1.14
06/21/2023,19:56,-0.15
06/22/2023,11:30,1.09
06/22/2023,20:34,-0.11
06/23/2023,12:09,1.02
06/23/2023,21:10,-0.07
06/24/2023,12:47,0.92
06/24/2023,21:44,-0.02
06/25/2023,13:26,0.81
06/25/2023,22:12,0.04
06/26/2023,14:09,0.68
06/26/2023,22:30,0.11
06/27/2023,6:01,0.49
06/27/2023,10:04,0.45
06/27/2023,15:06,0.53
06/27/2023,22:38,0.17
06/28/2023,6:00,0.6
06/28/2023,12:53,0.34
06/28/2023,16:45,0.39
06/28/2023,22:35,0.23
06/29/2023,6:14,0.72
06/29/2023,14:24,0.19
06/29/2023,19:20,0.29
06/29/2023,22:16,0.26
06/30/2023,6:37,0.87
06/30/2023,15:20,0.04
07/01/2023,7:10,1.02
07/01/2023,16:08,-0.11
07/02/2023,7:49,1.16
07/02/2023,16:54,-0.22
07/03/2023,8:34,1.27
07/03/2023,17:42,-0.29
07/04/2023,9:23,1.35
07/04/2023,18:32,-0.32
07/05/2023,10:14,1.37
07/05/2023,19:21,-0.3
07/06/2023,11:06,1.34
07/06/2023,20:09,-0.23
07/07/2023,11:58,1.24
07/07/2023,20:53,-0.13
07/08/2023,12:51,1.1
07/08/2023,21:28,-0.01
07/09/2023,13:45,0.91
07/09/2023,21:51,0.11
07/10/2023,4:33,0.48
07/10/2023,8:15,0.41
07/10/2023,14:45,0.7
07/10/2023,22:03,0.21
07/11/2023,4:51,0.62
07/11/2023,10:59,0.37
07/11/2023,16:00,0.49
07/11/2023,22:01,0.28
07/12/2023,5:21,0.76
07/12/2023,13:33,0.24
07/12/2023,18:28,0.32
07/12/2023,21:16,0.31
07/13/2023,5:59,0.89
07/13/2023,15:02,0.09
07/14/2023,6:39,1
07/14/2023,15:57,-0.03
07/15/2023,7:21,1.08
07/15/2023,16:39,-0.11
07/16/2023,8:02,1.13
07/16/2023,17:16,-0.15
07/17/2023,8:44,1.16
07/17/2023,17:48,-0.15
07/18/2023,9:24,1.16
07/18/2023,18:20,-0.14
07/19/2023,10:05,1.15
07/19/2023,18:50,-0.11
07/20/2023,10:44,1.11
07/20/2023,19:19,-0.06
07/21/2023,11:21,1.05
07/21/2023,19:47,-0.01
07/22/2023,11:58,0.96
07/22/2023,20:11,0.04
07/23/2023,2:57,0.36
07/23/2023,4:45,0.35
07/23/2023,12:34,0.85
07/23/2023,20:30,0.1
07/24/2023,3:07,0.43
07/24/2023,6:18,0.39
07/24/2023,13:10,0.72
07/24/2023,20:40,0.16
07/25/2023,3:26,0.52
07/25/2023,8:07,0.4
07/25/2023,13:51,0.58
07/25/2023,20:42,0.22
07/26/2023,3:49,0.62
07/26/2023,10:33,0.36
07/26/2023,14:51,0.42
07/26/2023,20:36,0.26
07/27/2023,4:18,0.74
07/27/2023,13:03,0.24
07/27/2023,17:03,0.28
07/27/2023,19:50,0.27
07/28/2023,4:56,0.88
07/28/2023,14:21,0.08
07/29/2023,5:41,1.01
07/29/2023,15:12,-0.06
07/30/2023,6:32,1.14
07/30/2023,15:59,-0.18
07/31/2023,7:27,1.26
07/31/2023,16:44,-0.25
08/01/2023,8:23,1.34
08/01/2023,17:29,-0.28
08/02/2023,9:19,1.38
08/02/2023,18:12,-0.25
08/03/2023,10:14,1.36
08/03/2023,18:51,-0.17
08/04/2023,11:07,1.28
08/04/2023,19:26,-0.06
08/05/2023,1:43,0.33
08/05/2023,4:12,0.3
08/05/2023,11:59,1.13
08/05/2023,19:52,0.07
08/06/2023,1:45,0.43
08/06/2023,5:45,0.31
08/06/2023,12:51,0.94
08/06/2023,20:09,0.2
08/07/2023,2:09,0.56
08/07/2023,7:20,0.33
08/07/2023,13:45,0.72
08/07/2023,20:15,0.29
08/08/2023,2:44,0.7
08/08/2023,9:15,0.32
08/08/2023,14:47,0.5
08/08/2023,20:05,0.34
08/09/2023,3:26,0.82
08/09/2023,12:00,0.24
08/10/2023,4:15,0.92
08/10/2023,13:57,0.11
08/11/2023,5:06,1
08/11/2023,15:01,0.01
08/12/2023,6:01,1.05
08/12/2023,15:45,-0.06
08/13/2023,6:54,1.09
08/13/2023,16:20,-0.09
08/14/2023,7:45,1.11
08/14/2023,16:51,-0.09
08/15/2023,8:33,1.12
08/15/2023,17:18,-0.07
08/16/2023,9:17,1.11
08/16/2023,17:43,-0.04
08/17/2023,9:58,1.09
08/17/2023,18:07,0.01
08/18/2023,0:29,0.33
08/18/2023,2:25,0.32
08/18/2023,10:38,1.04
08/18/2023,18:29,0.07
08/19/2023,0:24,0.38
08/19/2023,3:46,0.32
08/19/2023,11:15,0.96
08/19/2023,18:46,0.13
08/20/2023,0:35,0.45
08/20/2023,4:52,0.32
08/20/2023,11:51,0.86
08/20/2023,18:58,0.2
08/21/2023,0:53,0.53
08/21/2023,5:57,0.32
08/21/2023,12:28,0.73
08/21/2023,19:04,0.25
08/22/2023,1:15,0.62
08/22/2023,7:10,0.31
08/22/2023,13:08,0.6
08/22/2023,19:04,0.29
08/23/2023,1:43,0.71
08/23/2023,8:38,0.29
08/23/2023,14:00,0.45
08/23/2023,18:55,0.32
08/24/2023,2:18,0.81
08/24/2023,10:48,0.23
08/24/2023,15:38,0.32
08/24/2023,17:36,0.31
08/25/2023,3:01,0.91
08/25/2023,12:50,0.11
08/26/2023,3:54,1.01
08/26/2023,13:59,-0.01
08/27/2023,4:57,1.1
08/27/2023,14:51,-0.12
08/28/2023,6:07,1.19
08/28/2023,15:36,-0.19
08/29/2023,7:15,1.27
08/29/2023,16:19,-0.2
08/30/2023,8:18,1.31
08/30/2023,16:58,-0.17
08/31/2023,9:18,1.3
08/31/2023,17:32,-0.08
08/31/2023,23:45,0.36
09/01/2023,2:33,0.31
09/01/2023,10:13,1.23
09/01/2023,17:59,0.04
09/01/2023,23:39,0.44
09/02/2023,3:58,0.27
09/02/2023,11:07,1.09
09/02/2023,18:20,0.18
09/02/2023,23:55,0.57
09/03/2023,5:14,0.24
09/03/2023,12:00,0.91
09/03/2023,18:32,0.3
09/04/2023,0:21,0.71
09/04/2023,6:30,0.22
09/04/2023,12:56,0.71
09/04/2023,18:36,0.38
09/05/2023,0:54,0.83
09/05/2023,7:57,0.21
09/05/2023,14:00,0.51
09/05/2023,18:20,0.41
09/06/2023,1:33,0.93
09/06/2023,9:54,0.18
09/07/2023,2:18,0.99
09/07/2023,12:06,0.11
09/08/2023,3:11,1.02
09/08/2023,13:31,0.04
09/09/2023,4:12,1.02
09/09/2023,14:27,-0.01
09/10/2023,5:21,1.02
09/10/2023,15:06,-0.03
09/11/2023,6:29,1.02
09/11/2023,15:38,-0.03
09/12/2023,7:28,1.02
09/12/2023,16:05,-0.01
09/13/2023,8:20,1.02
09/13/2023,16:29,0.03
09/13/2023,23:30,0.39
09/14/2023,1:05,0.39
09/14/2023,9:07,0.99
09/14/2023,16:51,0.09
09/14/2023,22:51,0.43
09/15/2023,2:39,0.34
09/15/2023,9:51,0.95
09/15/2023,17:09,0.15
09/15/2023,22:53,0.49
09/16/2023,3:40,0.3
09/16/2023,10:32,0.88
09/16/2023,17:22,0.22
09/16/2023,23:03,0.57
09/17/2023,4:36,0.26
09/17/2023,11:12,0.79
09/17/2023,17:30,0.28
09/17/2023,23:19,0.67
09/18/2023,5:30,0.22
09/18/2023,11:51,0.68
09/18/2023,17:32,0.33
09/18/2023,23:39,0.76
09/19/2023,6:27,0.19
09/19/2023,12:36,0.56
09/19/2023,17:30,0.37
09/20/2023,0:06,0.85
09/20/2023,7:32,0.17
09/20/2023,13:33,0.44
09/20/2023,17:14,0.38
09/21/2023,0:37,0.93
09/21/2023,8:54,0.14
09/22/2023,1:17,1
09/22/2023,10:53,0.08
09/23/2023,2:06,1.05
09/23/2023,12:24,-0.01
09/24/2023,3:09,1.09
09/24/2023,13:27,-0.09
09/25/2023,4:26,1.11
09/25/2023,14:18,-0.13
09/26/2023,5:51,1.14
09/26/2023,15:01,-0.13
09/27/2023,7:09,1.16
09/27/2023,15:38,-0.08
09/27/2023,23:00,0.42
09/28/2023,0:17,0.41
09/28/2023,8:15,1.14
09/28/2023,16:08,0.01
09/28/2023,22:12,0.47
09/29/2023,2:13,0.33
09/29/2023,9:17,1.07
09/29/2023,16:31,0.14
09/29/2023,22:13,0.58
09/30/2023,3:29,0.23
09/30/2023,10:15,0.95
09/30/2023,16:48,0.26
09/30/2023,22:30,0.72
10/01/2023,4:39,0.15
10/01/2023,11:14,0.8
10/01/2023,16:57,0.37
10/01/2023,22:54,0.86
10/02/2023,5:47,0.09
10/02/2023,12:16,0.63
10/02/2023,16:58,0.43
10/02/2023,23:25,0.98
10/03/2023,6:58,0.06
10/03/2023,13:39,0.47
10/03/2023,16:27,0.44
10/04/2023,0:00,1.05
10/04/2023,8:20,0.05
10/05/2023,0:38,1.09
10/05/2023,10:00,0.03
10/06/2023,1:20,1.08
10/06/2023,11:32,0.01
10/07/2023,2:09,1.04
10/07/2023,12:39,-0.01
10/08/2023,3:10,0.98
10/08/2023,13:29,-0.01
10/09/2023,4:29,0.93
10/09/2023,14:06,0
10/10/2023,5:53,0.89
10/10/2023,14:37,0.03
10/11/2023,7:03,0.86
10/11/2023,15:03,0.07
10/11/2023,22:09,0.46
10/12/2023,1:12,0.43
10/12/2023,8:01,0.83
10/12/2023,15:24,0.13
10/12/2023,21:38,0.51
10/13/2023,2:24,0.35
10/13/2023,8:54,0.78
10/13/2023,15:41,0.2
10/13/2023,21:39,0.59
10/14/2023,3:21,0.26
10/14/2023,9:44,0.72
10/14/2023,15:51,0.27
10/14/2023,21:48,0.68
10/15/2023,4:12,0.18
10/15/2023,10:32,0.64
10/15/2023,15:55,0.33
10/15/2023,22:02,0.79
10/16/2023,5:02,0.11
10/16/2023,11:21,0.56
10/16/2023,15:54,0.37
10/16/2023,22:22,0.89
10/17/2023,5:52,0.05
10/17/2023,12:15,0.47
10/17/2023,15:47,0.39
10/17/2023,22:47,0.99
10/18/2023,6:45,0
10/18/2023,13:45,0.38
10/18/2023,14:56,0.38
10/18/2023,23:18,1.06
10/19/2023,7:48,-0.03
10/19/2023,23:54,1.1
10/20/2023,9:09,-0.05
10/21/2023,0:37,1.12
10/21/2023,10:39,-0.08
10/22/2023,1:30,1.11
10/22/2023,11:52,-0.12
10/23/2023,2:36,1.08
10/23/2023,12:49,-0.12
10/24/2023,4:01,1.03
10/24/2023,13:34,-0.1
10/25/2023,5:36,0.98
10/25/2023,14:10,-0.03
10/25/2023,21:34,0.48
10/25/2023,23:55,0.46
10/26/2023,7:00,0.91
10/26/2023,14:37,0.07
10/26/2023,20:54,0.55
10/27/2023,1:44,0.33
10/27/2023,8:13,0.83
10/27/2023,14:57,0.19
10/27/2023,20:57,0.68
10/28/2023,2:59,0.19
10/28/2023,9:22,0.73
10/28/2023,15:10,0.3
10/28/2023,21:15,0.83
10/29/2023,4:06,0.07
10/29/2023,10:33,0.6
10/29/2023,15:18,0.38
10/29/2023,21:41,0.97
10/30/2023,5:10,-0.03
10/30/2023,11:54,0.48
10/30/2023,15:10,0.42
10/30/2023,22:11,1.08
10/31/2023,6:12,-0.09
10/31/2023,22:44,1.15
11/01/2023,7:15,-0.12
11/01/2023,23:18,1.17
11/02/2023,8:23,-0.12
11/02/2023,23:55,1.15
11/03/2023,9:33,-0.1
11/04/2023,0:34,1.09
11/04/2023,10:38,-0.08
11/05/2023,1:18,1.01
11/05/2023,11:33,-0.05
11/06/2023,2:10,0.91
11/06/2023,12:16,-0.02
11/07/2023,3:18,0.81
11/07/2023,12:52,0.01
11/08/2023,4:52,0.72
11/08/2023,13:21,0.06
11/08/2023,21:24,0.49
11/09/2023,0:30,0.46
11/09/2023,6:21,0.64
11/09/2023,13:44,0.13
11/09/2023,20:32,0.54
11/10/2023,1:55,0.35
11/10/2023,7:36,0.57
11/10/2023,14:00,0.2
11/10/2023,20:30,0.63
11/11/2023,2:56,0.23
11/11/2023,8:45,0.51
11/11/2023,14:06,0.27
11/11/2023,20:38,0.74
11/12/2023,3:48,0.11
11/12/2023,9:52,0.45
11/12/2023,14:05,0.32
11/12/2023,20:52,0.85
11/13/2023,4:34,0
11/13/2023,11:02,0.39
11/13/2023,13:56,0.34
11/13/2023,21:13,0.97
11/14/2023,5:21,-0.09
11/14/2023,21:41,1.08
11/15/2023,6:08,-0.16
11/15/2023,22:13,1.15
11/16/2023,7:00,-0.2
11/16/2023,22:51,1.2
11/17/2023,8:00,-0.22
11/17/2023,23:33,1.2
11/18/2023,9:08,-0.22
11/19/2023,0:20,1.17
11/19/2023,10:15,-0.2
11/20/2023,1:14,1.09
11/20/2023,11:12,-0.17
11/21/2023,2:18,0.99
11/21/2023,11:58,-0.1
11/22/2023,3:39,0.85
11/22/2023,12:33,-0.01
11/22/2023,20:22,0.47
11/22/2023,22:44,0.46
11/23/2023,5:17,0.72
11/23/2023,12:57,0.09
11/23/2023,19:39,0.57
11/24/2023,1:06,0.33
11/24/2023,6:53,0.59
11/24/2023,13:13,0.2
11/24/2023,19:45,0.71
11/25/2023,2:33,0.16
11/25/2023,8:28,0.47
11/25/2023,13:21,0.29
11/25/2023,20:06,0.87
11/26/2023,3:42,0
11/26/2023,10:15,0.38
11/26/2023,13:17,0.34
11/26/2023,20:34,1.01
11/27/2023,4:42,-0.12
11/27/2023,21:06,1.12
11/28/2023,5:37,-0.21
11/28/2023,21:40,1.18
11/29/2023,6:28,-0.25
11/29/2023,22:16,1.2
11/30/2023,7:18,-0.25
11/30/2023,22:52,1.18
12/01/2023,8:06,-0.22
12/01/2023,23:29,1.12
12/02/2023,8:54,-0.18
12/03/2023,0:07,1.04
12/03/2023,9:39,-0.13
12/04/2023,0:46,0.94
12/04/2023,10:21,-0.08
12/05/2023,1:28,0.82
12/05/2023,10:57,-0.03
12/06/2023,2:15,0.69
12/06/2023,11:26,0.02
12/07/2023,3:21,0.55
12/07/2023,11:48,0.09
12/07/2023,19:16,0.51
12/08/2023,1:03,0.36
12/08/2023,5:15,0.42
12/08/2023,11:58,0.16
12/08/2023,19:13,0.6
12/09/2023,2:30,0.22
12/09/2023,7:14,0.32
12/09/2023,11:55,0.21
12/09/2023,19:23,0.72
12/10/2023,3:23,0.07
12/10/2023,9:20,0.26
12/10/2023,11:35,0.25
12/10/2023,19:41,0.85
12/11/2023,4:07,-0.07
12/11/2023,20:06,0.98
12/12/2023,4:48,-0.19
12/12/2023,20:38,1.1
12/13/2023,5:31,-0.28
12/13/2023,21:15,1.19
12/14/2023,6:17,-0.33
12/14/2023,21:57,1.24
12/15/2023,7:06,-0.35
12/15/2023,22:42,1.26
12/16/2023,7:57,-0.34
12/16/2023,23:29,1.22
12/17/2023,8:50,-0.29
12/18/2023,0:18,1.13
12/18/2023,9:38,-0.22
12/19/2023,1:11,1
12/19/2023,10:18,-0.12
12/20/2023,2:09,0.83
12/20/2023,10:48,-0.01
12/20/2023,18:20,0.42
12/20/2023,20:44,0.4
12/21/2023,3:20,0.63
12/21/2023,11:06,0.09
12/21/2023,18:06,0.54
12/22/2023,0:03,0.32
12/22/2023,4:59,0.43
12/22/2023,11:14,0.18
12/22/2023,18:24,0.7
12/23/2023,2:08,0.15
12/23/2023,7:26,0.28
12/23/2023,11:03,0.24
12/23/2023,18:53,0.85
12/24/2023,3:24,-0.03
12/24/2023,19:27,0.98
12/25/2023,4:20,-0.16
12/25/2023,20:05,1.08
12/26/2023,5:06,-0.26
12/26/2023,20:44,1.14
12/27/2023,5:49,-0.3
12/27/2023,21:24,1.16
12/28/2023,6:27,-0.3
12/28/2023,22:03,1.15
12/29/2023,7:04,-0.28
12/29/2023,22:41,1.11
12/30/2023,7:39,-0.23
12/30/2023,23:18,1.05
12/31/2023,8:11,-0.18
12/31/2023,23:55,0.96
